{"aina":{"poses":{"normal":{"expressions":[],"thumbnail":[200,110,116,119,0.8]}}},"laura":{"poses":{"normal":{"expressions":[],"thumbnail":[232.75,282.75,116,116,0.5000000000000001]},"naked":{"expressions":[],"thumbnail":[231.75,299.75,116,116,0.6000000000000001]},"kouhan":{"expressions":[],"thumbnail":[204.25,189.25,116,116,0.5000000000000001]},"naked_kouhan":{"expressions":[],"thumbnail":[205.25,175.25,116,116,0.30000000000000016]},"blake":{"expressions":[],"thumbnail":[231.75,231.75,116,116,0.20000000000000015]}}},"lunaroa":{"poses":{"normal":{"expressions":[],"thumbnail":[291.25,290.25,116,116,0.5000000000000001]},"naked":{"expressions":[],"thumbnail":[298.25,290.25,116,116,0.5000000000000001]},"ougi":{"expressions":[],"thumbnail":[334.25,245.25,116,116,0.5000000000000001]}}},"vita":{"poses":{"normal":{"expressions":[],"thumbnail":[256.75,274.75,116,116,0.5000000000000001]},"naked":{"expressions":[],"thumbnail":[281.75,276.75,116,116,0.5000000000000001]},"blake":{"expressions":[],"thumbnail":[86.75,86.75,116,116,0.40000000000000013]}}},"vega":{"poses":{"normal":{"expressions":[],"thumbnail":[157.25,191.25,116,116,0.5000000000000001]},"naked":{"expressions":[],"thumbnail":[167.75,182.75,116,116,0.5000000000000001]},"maid":{"expressions":[],"thumbnail":[158,194,116,116,0.5000000000000001]},"kizz":{"expressions":[],"thumbnail":[227.25,179.25,116,116,0.40000000000000013]}}},"aisha":{"poses":{"normal":{"expressions":[],"thumbnail":[224.75,187.75,116,116,0.5000000000000001]}}},"alice":{"poses":{"normal":{"expressions":[],"thumbnail":[312.25,250.25,116,116,0.40000000000000013]}}},"cat":{"poses":{"normal":{"expressions":[],"thumbnail":[233.75,210.75,116,116,0.6000000000000001]},"maid":{"expressions":[],"thumbnail":[218.75,189.75,116,116,0.5000000000000001]}}},"claudia":{"poses":{"normal":{"expressions":[],"thumbnail":[257.75,189.75,116,116,0.6000000000000001]},"naked":{"expressions":[],"thumbnail":[231.75,231.75,116,116,0.20000000000000015]}}},"melissa":{"poses":{"normal":{"expressions":[],"thumbnail":[212.75,212.75,116,116,0.6000000000000001]},"naked":{"expressions":[],"thumbnail":[135.25,135.25,116,116,0.30000000000000016]}}},"nikita":{"poses":{"normal":{"expressions":[],"thumbnail":[199.75,199.75,116,116,0.5000000000000001]},"maid":{"expressions":[],"thumbnail":[170.25,184.25,116,116,0.5000000000000001]}}},"rebecca":{"poses":{"normal":{"expressions":[],"thumbnail":[244.75,189.75,116,116,0.5000000000000001]},"naked":{"expressions":[],"thumbnail":[235.75,191.75,116,116,0.5000000000000001]},"kuroseihuku":{"expressions":[],"thumbnail":[242.75,197.75,116,116,0.5000000000000001]}}},"ronoa":{"poses":{"normal":{"expressions":[],"thumbnail":[205.25,169.25,116,116,0.5000000000000001]},"naked":{"expressions":[],"thumbnail":[174.25,135.25,116,116,0.30000000000000016]}}},"ryan":{"poses":{"normal":{"expressions":[],"thumbnail":[181.75,228.75,116,116,0.6000000000000001]},"naked":{"expressions":[],"thumbnail":[171.75,230.75,116,116,0.6000000000000001]}}},"tita":{"poses":{"normal":{"expressions":[],"thumbnail":[151.75,191.75,116,116,0.5000000000000001]},"naked":{"expressions":[],"thumbnail":[187.75,230.75,116,116,0.30000000000000016]}}},"rijicho":{"poses":{"normal":{"expressions":[],"thumbnail":[350.75,305.75,116,116,0.6000000000000001]}}},"cordain":{"poses":{"normal":{"expressions":[],"thumbnail":[382.75,202.75,116,116,0.5000000000000001]}}},"nagi":{"poses":{"normal":{"expressions":[],"thumbnail":[267.75,203.75,116,116,0.5000000000000001]}}},"lunaroa-red":{"poses":{"normal":{"expressions":[],"thumbnail":[291.75,307.75,116,116,0.6000000000000001]}}},"ryan-yusha":{"poses":{"normal":{"expressions":[],"thumbnail":[182.75,230.75,116,116,0.6000000000000001]}}},"rebecca-aku":{"poses":{"normal":{"expressions":[],"thumbnail":[244.75,195.75,116,116,0.5000000000000001]}}},"ronoa-mizu":{"poses":{"normal":{"expressions":[],"thumbnail":[203.75,171.75,116,116,0.5000000000000001]}}},"melissa-mizu":{"poses":{"normal":{"expressions":[],"thumbnail":[201.75,211.75,116,116,0.6000000000000001]}}},"vega_kuroseihuku":{"poses":{"normal":{"expressions":[],"thumbnail":[150.25,181.25,116,116,0.6000000000000001]}}},"rijicho-shiro":{"poses":{"normal":{"expressions":[],"thumbnail":[356,315,116,116,0.6]}}},"fairy":{"poses":{"normal":{"expressions":[],"thumbnail":[133.75,86.75,116,116,0.6000000000000001]}}},"vega-kuroseihuku":{"poses":{"normal":{"expressions":[],"thumbnail":[180,198,116,116,0.6]}}},"mob":{"poses":{"normal":{"expressions":[],"thumbnail":[523,494,116,116,0.6]}}},"vita_bear":{"poses":{"normal":{"expressions":[],"thumbnail":[218.25,135.25,116,116,0.30000000000000016]}}},"laura_kizz":{"poses":{"normal":{"expressions":[],"thumbnail":[248.75,186.75,116,116,0.40000000000000013]}}},"lunaroa_kizz":{"poses":{"normal":{"expressions":[],"thumbnail":[155.25,203.25,116,116,0.40000000000000013]}}},"alice_d":{"poses":{"normal":{"expressions":[],"thumbnail":[267.25,167.25,116,116,0.5000000000000001]}}},"alice_l":{"poses":{"normal":{"expressions":[],"thumbnail":[328.25,211.25,116,116,0.5000000000000001]}}},"vega_kusoge":{"poses":{"normal":{"expressions":[],"thumbnail":[292,282,116,116,0.5]}}},"alice_kin":{"poses":{"normal":{"expressions":[],"thumbnail":[314.25,216.25,116,116,0.40000000000000013]}}},"nagi_sensei":{"poses":{"normal":{"expressions":[],"thumbnail":[278.25,205.25,116,116,0.5000000000000001]}}},"claudia_watashi":{"poses":{"normal":{"expressions":[],"thumbnail":[249.75,166.75,116,116,0.5000000000000001]}}},"lunaroa_shadow":{"poses":{"normal":{"expressions":[],"thumbnail":[292.25,265.25,116,116,0.30000000000000016]},"ougi":{"expressions":[],"thumbnail":[337.75,236.75,116,116,0.30000000000000016]}}},"rebecca_aku":{"poses":{"normal":{"expressions":[],"thumbnail":[135.25,135.25,116,116,0.30000000000000016]}}},"ryan_yusha":{"poses":{"normal":{"expressions":[],"thumbnail":[135.25,139.25,116,116,0.30000000000000016]}}},"lunaroa_red":{"poses":{"normal":{"expressions":[],"thumbnail":[231.75,231.75,116,116,0.20000000000000015]}}},"melissa_mizu":{"poses":{"normal":{"expressions":[],"thumbnail":[135.25,136.25,116,116,0.30000000000000016]}}},"ronoa_mizu":{"poses":{"normal":{"expressions":[],"thumbnail":[135.25,135.25,116,116,0.30000000000000016]}}},"rijicho_shiro":{"poses":{"normal":{"expressions":[],"thumbnail":[521.75,521.75,116,116,0.10000000000000014]}}},"cordain_kanroku":{"poses":{"normal":{"expressions":[],"thumbnail":[231.75,231.75,116,116,0.20000000000000015]}}},"yurishi_n":{"poses":{"normal":{"expressions":[],"thumbnail":[361.75,231.75,116,116,0.6000000000000001]},"brake":{"expressions":[],"thumbnail":[231.75,231.75,116,116,0.20000000000000015]}}}}